USE Movies;
INSERT INTO Actors (ActorId, FirstName, LastName, Gender) VALUES (101, N'James', N'Stewart', N'M');
INSERT INTO Actors (ActorId, FirstName, LastName, Gender) VALUES (102, N'Deborah', N'Kerr', N'F');
INSERT INTO Actors (ActorId, FirstName, LastName, Gender) VALUES (103, N'Peter', N'OToole', N'M');
INSERT INTO Actors (ActorId, FirstName, LastName, Gender) VALUES (104, N'Robert', N'De Niro', N'M');
INSERT INTO Actors (ActorId, FirstName, LastName, Gender) VALUES (105, N'F. Murray', N'Abraham', N'M');
INSERT INTO Actors (ActorId, FirstName, LastName, Gender) VALUES (106, N'Harrison', N'Ford', N'M');
INSERT INTO Actors (ActorId, FirstName, LastName, Gender) VALUES (107, N'Nicole', N'Kidman', N'F');
INSERT INTO Actors (ActorId, FirstName, LastName, Gender) VALUES (108, N'Stephen', N'Baldwin', N'M');
INSERT INTO Actors (ActorId, FirstName, LastName, Gender) VALUES (109, N'Jack', N'Nicholson', N'M');
INSERT INTO Actors (ActorId, FirstName, LastName, Gender) VALUES (110, N'Mark', N'Wahlberg', N'M');
INSERT INTO Actors (ActorId, FirstName, LastName, Gender) VALUES (111, N'Woody', N'Allen', N'M');
INSERT INTO Actors (ActorId, FirstName, LastName, Gender) VALUES (112, N'Claire', N'Danes', N'F');
INSERT INTO Actors (ActorId, FirstName, LastName, Gender) VALUES (113, N'Tim', N'Robbins', N'M');
INSERT INTO Actors (ActorId, FirstName, LastName, Gender) VALUES (114, N'Kevin', N'Spacey', N'M');
INSERT INTO Actors (ActorId, FirstName, LastName, Gender) VALUES (115, N'Kate', N'Winslet', N'F');
INSERT INTO Actors (ActorId, FirstName, LastName, Gender) VALUES (116, N'Robin', N'Williams', N'M');
INSERT INTO Actors (ActorId, FirstName, LastName, Gender) VALUES (117, N'Jon', N'Voight', N'M');
INSERT INTO Actors (ActorId, FirstName, LastName, Gender) VALUES (118, N'Ewan', N'McGregor', N'M');
INSERT INTO Actors (ActorId, FirstName, LastName, Gender) VALUES (119, N'Christian', N'Bale', N'M');
INSERT INTO Actors (ActorId, FirstName, LastName, Gender) VALUES (120, N'Maggie', N'Gyllenhaal', N'F');
INSERT INTO Actors (ActorId, FirstName, LastName, Gender) VALUES (121, N'Dev', N'Patel', N'M');
INSERT INTO Actors (ActorId, FirstName, LastName, Gender) VALUES (122, N'Sigourney', N'Weaver', N'F');
INSERT INTO Actors (ActorId, FirstName, LastName, Gender) VALUES (123, N'David', N'Aston', N'M');
INSERT INTO Actors (ActorId, FirstName, LastName, Gender) VALUES (124, N'Ali', N'Astin', N'F');

INSERT INTO Movies (MovieId, Title, Year, Duration, Language, ReleaseDate, ReleaseCountryCode) VALUES (901, N'Vertigo', 1958, 128, N'English', N'1958-08-24 00:00:00.0000000', N'UK');
INSERT INTO Movies (MovieId, Title, Year, Duration, Language, ReleaseDate, ReleaseCountryCode) VALUES (902, N'The Innocents', 1961, 100, N'English', N'1962-02-19 00:00:00.0000000', N'SW');
INSERT INTO Movies (MovieId, Title, Year, Duration, Language, ReleaseDate, ReleaseCountryCode) VALUES (903, N'Lawrence of Arabia', 1962, 216, N'English', N'1962-12-11 00:00:00.0000000', N'UK');
INSERT INTO Movies (MovieId, Title, Year, Duration, Language, ReleaseDate, ReleaseCountryCode) VALUES (904, N'The Deer Hunter', 1978, 183, N'English', N'1979-03-08 00:00:00.0000000', N'UK');
INSERT INTO Movies (MovieId, Title, Year, Duration, Language, ReleaseDate, ReleaseCountryCode) VALUES (905, N'Amadeus', 1984, 160, N'English', N'1985-01-07 00:00:00.0000000', N'UK');
INSERT INTO Movies (MovieId, Title, Year, Duration, Language, ReleaseDate, ReleaseCountryCode) VALUES (906, N'Blade Runner', 1982, 117, N'English', N'1982-09-09 00:00:00.0000000', N'UK');
INSERT INTO Movies (MovieId, Title, Year, Duration, Language, ReleaseDate, ReleaseCountryCode) VALUES (907, N'Eyes Wide Shut', 1999, 159, N'English', null, N'UK');
INSERT INTO Movies (MovieId, Title, Year, Duration, Language, ReleaseDate, ReleaseCountryCode) VALUES (908, N'The Usual Suspects', 1995, 106, N'English', N'1995-08-25 00:00:00.0000000', N'UK');
INSERT INTO Movies (MovieId, Title, Year, Duration, Language, ReleaseDate, ReleaseCountryCode) VALUES (909, N'Chinatown', 1974, 130, N'English', N'1974-08-09 00:00:00.0000000', N'UK');
INSERT INTO Movies (MovieId, Title, Year, Duration, Language, ReleaseDate, ReleaseCountryCode) VALUES (910, N'Boogie Nights', 1997, 155, N'English', N'1998-02-16 00:00:00.0000000', N'UK');
INSERT INTO Movies (MovieId, Title, Year, Duration, Language, ReleaseDate, ReleaseCountryCode) VALUES (911, N'Annie Hall', 1977, 93, N'English', N'1977-04-20 00:00:00.0000000', N'USA');
INSERT INTO Movies (MovieId, Title, Year, Duration, Language, ReleaseDate, ReleaseCountryCode) VALUES (912, N'Princess Mononoke', 1997, 134, N'Japanese', N'2001-10-19 00:00:00.0000000', N'UK');
INSERT INTO Movies (MovieId, Title, Year, Duration, Language, ReleaseDate, ReleaseCountryCode) VALUES (913, N'The Shawshank Redemption', 1994, 142, N'English', N'1995-02-17 00:00:00.0000000', N'UK');
INSERT INTO Movies (MovieId, Title, Year, Duration, Language, ReleaseDate, ReleaseCountryCode) VALUES (914, N'American Beauty', 1999, 122, N'English', null, N'UK');
INSERT INTO Movies (MovieId, Title, Year, Duration, Language, ReleaseDate, ReleaseCountryCode) VALUES (915, N'Titanic', 1997, 194, N'English', N'1998-01-23 00:00:00.0000000', N'UK');
INSERT INTO Movies (MovieId, Title, Year, Duration, Language, ReleaseDate, ReleaseCountryCode) VALUES (916, N'Good Will Hunting', 1997, 126, N'English', N'1998-06-03 00:00:00.0000000', N'UK');
INSERT INTO Movies (MovieId, Title, Year, Duration, Language, ReleaseDate, ReleaseCountryCode) VALUES (917, N'Deliverance', 1972, 109, N'English', N'1982-10-05 00:00:00.0000000', N'UK');
INSERT INTO Movies (MovieId, Title, Year, Duration, Language, ReleaseDate, ReleaseCountryCode) VALUES (918, N'Trainspotting', 1996, 94, N'English', N'1996-02-23 00:00:00.0000000', N'UK');
INSERT INTO Movies (MovieId, Title, Year, Duration, Language, ReleaseDate, ReleaseCountryCode) VALUES (919, N'The Prestige', 2006, 130, N'English', N'2006-11-10 00:00:00.0000000', N'UK');
INSERT INTO Movies (MovieId, Title, Year, Duration, Language, ReleaseDate, ReleaseCountryCode) VALUES (920, N'Donnie Darko', 2001, 113, N'English', null, N'UK');
INSERT INTO Movies (MovieId, Title, Year, Duration, Language, ReleaseDate, ReleaseCountryCode) VALUES (921, N'Slumdog Millionaire', 2008, 120, N'English', N'2009-01-09 00:00:00.0000000', N'UK');
INSERT INTO Movies (MovieId, Title, Year, Duration, Language, ReleaseDate, ReleaseCountryCode) VALUES (922, N'Aliens', 1986, 137, N'English', N'1986-08-29 00:00:00.0000000', N'UK');
INSERT INTO Movies (MovieId, Title, Year, Duration, Language, ReleaseDate, ReleaseCountryCode) VALUES (923, N'Beyond the Sea', 2004, 118, N'English', N'2004-11-26 00:00:00.0000000', N'UK');
INSERT INTO Movies (MovieId, Title, Year, Duration, Language, ReleaseDate, ReleaseCountryCode) VALUES (924, N'Avatar', 2009, 162, N'English', N'2009-12-17 00:00:00.0000000', N'UK');
INSERT INTO Movies (MovieId, Title, Year, Duration, Language, ReleaseDate, ReleaseCountryCode) VALUES (925, N'Braveheart', 1995, 178, N'English', N'1995-09-08 00:00:00.0000000', N'UK');
INSERT INTO Movies (MovieId, Title, Year, Duration, Language, ReleaseDate, ReleaseCountryCode) VALUES (926, N'Seven Samurai', 1954, 207, N'Japanese', N'1954-04-26 00:00:00.0000000', N'JP');
INSERT INTO Movies (MovieId, Title, Year, Duration, Language, ReleaseDate, ReleaseCountryCode) VALUES (927, N'Spirited Away', 2001, 125, N'Japanese', N'2003-09-12 00:00:00.0000000', N'UK');
INSERT INTO Movies (MovieId, Title, Year, Duration, Language, ReleaseDate, ReleaseCountryCode) VALUES (928, N'Back to the Future', 1985, 116, N'English', N'1985-12-04 00:00:00.0000000', N'UK');



INSERT INTO MovieCasts (ActorId, MovieId, Role) VALUES (101, 901, N'John Scottie Ferguson');
INSERT INTO MovieCasts (ActorId, MovieId, Role) VALUES (102, 902, N'Miss Giddens');
INSERT INTO MovieCasts (ActorId, MovieId, Role) VALUES (103, 903, N'T.E. Lawrence');
INSERT INTO MovieCasts (ActorId, MovieId, Role) VALUES (104, 904, N'Michael');
INSERT INTO MovieCasts (ActorId, MovieId, Role) VALUES (105, 905, N'Antonio Salieri');
INSERT INTO MovieCasts (ActorId, MovieId, Role) VALUES (106, 906, N'Rick Deckard');
INSERT INTO MovieCasts (ActorId, MovieId, Role) VALUES (107, 907, N'Alice Harford');
INSERT INTO MovieCasts (ActorId, MovieId, Role) VALUES (108, 908, N'McManus');
INSERT INTO MovieCasts (ActorId, MovieId, Role) VALUES (109, 909, N'J.J. Gittes');
INSERT INTO MovieCasts (ActorId, MovieId, Role) VALUES (110, 910, N'Eddie Adams');
INSERT INTO MovieCasts (ActorId, MovieId, Role) VALUES (111, 911, N'Alvy Singer');
INSERT INTO MovieCasts (ActorId, MovieId, Role) VALUES (112, 912, N'San');
INSERT INTO MovieCasts (ActorId, MovieId, Role) VALUES (113, 913, N'Andy Dufresne');
INSERT INTO MovieCasts (ActorId, MovieId, Role) VALUES (114, 914, N'Lester Burnham');
INSERT INTO MovieCasts (ActorId, MovieId, Role) VALUES (114, 923, N'Bobby Darin');
INSERT INTO MovieCasts (ActorId, MovieId, Role) VALUES (115, 915, N'Rose DeWitt Bukater');
INSERT INTO MovieCasts (ActorId, MovieId, Role) VALUES (116, 916, N'Sean Maguire');
INSERT INTO MovieCasts (ActorId, MovieId, Role) VALUES (117, 917, N'Ed');
INSERT INTO MovieCasts (ActorId, MovieId, Role) VALUES (118, 918, N'Renton');
INSERT INTO MovieCasts (ActorId, MovieId, Role) VALUES (119, 919, N'Alfred Borden');
INSERT INTO MovieCasts (ActorId, MovieId, Role) VALUES (120, 920, N'Elizabeth Darko');
INSERT INTO MovieCasts (ActorId, MovieId, Role) VALUES (121, 921, N'Older Jamal');
INSERT INTO MovieCasts (ActorId, MovieId, Role) VALUES (122, 922, N'Ripley');

INSERT INTO Genres (GenreId, Title) VALUES (1001, N'Action');
INSERT INTO Genres (GenreId, Title) VALUES (1002, N'Adventure');
INSERT INTO Genres (GenreId, Title) VALUES (1003, N'Animation');
INSERT INTO Genres (GenreId, Title) VALUES (1004, N'Biography');
INSERT INTO Genres (GenreId, Title) VALUES (1005, N'Comedy');
INSERT INTO Genres (GenreId, Title) VALUES (1006, N'Crime');
INSERT INTO Genres (GenreId, Title) VALUES (1007, N'Drama');
INSERT INTO Genres (GenreId, Title) VALUES (1008, N'Horror');
INSERT INTO Genres (GenreId, Title) VALUES (1009, N'Music');
INSERT INTO Genres (GenreId, Title) VALUES (1010, N'Mystery');
INSERT INTO Genres (GenreId, Title) VALUES (1011, N'Romance');
INSERT INTO Genres (GenreId, Title) VALUES (1012, N'Thriller');
INSERT INTO Genres (GenreId, Title) VALUES (1013, N'War');


INSERT INTO GenreMovie (GenresGenreId, MoviesMovieId) VALUES (1010, 901);
INSERT INTO GenreMovie (GenresGenreId, MoviesMovieId) VALUES (1008, 902);
INSERT INTO GenreMovie (GenresGenreId, MoviesMovieId) VALUES (1002, 903);
INSERT INTO GenreMovie (GenresGenreId, MoviesMovieId) VALUES (1013, 904);
INSERT INTO GenreMovie (GenresGenreId, MoviesMovieId) VALUES (1012, 906);
INSERT INTO GenreMovie (GenresGenreId, MoviesMovieId) VALUES (1010, 907);
INSERT INTO GenreMovie (GenresGenreId, MoviesMovieId) VALUES (1006, 908);
INSERT INTO GenreMovie (GenresGenreId, MoviesMovieId) VALUES (1005, 911);
INSERT INTO GenreMovie (GenresGenreId, MoviesMovieId) VALUES (1003, 912);
INSERT INTO GenreMovie (GenresGenreId, MoviesMovieId) VALUES (1006, 913);
INSERT INTO GenreMovie (GenresGenreId, MoviesMovieId) VALUES (1011, 914);
INSERT INTO GenreMovie (GenresGenreId, MoviesMovieId) VALUES (1002, 917);
INSERT INTO GenreMovie (GenresGenreId, MoviesMovieId) VALUES (1007, 918);
INSERT INTO GenreMovie (GenresGenreId, MoviesMovieId) VALUES (1007, 921);
INSERT INTO GenreMovie (GenresGenreId, MoviesMovieId) VALUES (1001, 922);
INSERT INTO GenreMovie (GenresGenreId, MoviesMovieId) VALUES (1009, 923);
INSERT INTO GenreMovie (GenresGenreId, MoviesMovieId) VALUES (1007, 926);
INSERT INTO GenreMovie (GenresGenreId, MoviesMovieId) VALUES (1010, 927);
INSERT INTO GenreMovie (GenresGenreId, MoviesMovieId) VALUES (1007, 928);


INSERT INTO Reviewers (ReviewerId, Name) VALUES (9001, N'Righty Sock');
INSERT INTO Reviewers (ReviewerId, Name) VALUES (9002, N'Jack Malvern');
INSERT INTO Reviewers (ReviewerId, Name) VALUES (9003, N'Flagrant Baronessa');
INSERT INTO Reviewers (ReviewerId, Name) VALUES (9004, N'Alec Shaw');
INSERT INTO Reviewers (ReviewerId, Name) VALUES (9005, NULL);
INSERT INTO Reviewers (ReviewerId, Name) VALUES (9006, N'Victor Woeltjen');
INSERT INTO Reviewers (ReviewerId, Name) VALUES (9007, N'Simon Wright');
INSERT INTO Reviewers (ReviewerId, Name) VALUES (9008, N'Neal Wruck');
INSERT INTO Reviewers (ReviewerId, Name) VALUES (9009, N'Paul Monks');
INSERT INTO Reviewers (ReviewerId, Name) VALUES (9010, N'Mike Salvati');
INSERT INTO Reviewers (ReviewerId, Name) VALUES (9011, N'');
INSERT INTO Reviewers (ReviewerId, Name) VALUES (9012, N'Wesley S. Walker');
INSERT INTO Reviewers (ReviewerId, Name) VALUES (9013, N'Sasha Goldshtein');
INSERT INTO Reviewers (ReviewerId, Name) VALUES (9014, N'Josh Cates');
INSERT INTO Reviewers (ReviewerId, Name) VALUES (9015, N'Krug Stillo');
INSERT INTO Reviewers (ReviewerId, Name) VALUES (9016, N'Scott LeBrun');
INSERT INTO Reviewers (ReviewerId, Name) VALUES (9017, N'Hannah Steele');
INSERT INTO Reviewers (ReviewerId, Name) VALUES (9018, N'Vincent Cadena');
INSERT INTO Reviewers (ReviewerId, Name) VALUES (9019, N'Brandt Sponseller');
INSERT INTO Reviewers (ReviewerId, Name) VALUES (9020, N'Richard Adams');


INSERT INTO Ratings (MovieId, ReviewerId, Stars, NumberOfRatings) VALUES (901, 9001, 8.40, 263575);
INSERT INTO Ratings (MovieId, ReviewerId, Stars, NumberOfRatings) VALUES (902, 9002, 7.90, 20207);
INSERT INTO Ratings (MovieId, ReviewerId, Stars, NumberOfRatings) VALUES (903, 9003, 8.30, 202778);
INSERT INTO Ratings (MovieId, ReviewerId, Stars, NumberOfRatings) VALUES (906, 9005, 8.20, 484746);
INSERT INTO Ratings (MovieId, ReviewerId, Stars, NumberOfRatings) VALUES (908, 9007, 8.60, 779489);
INSERT INTO Ratings (MovieId, ReviewerId, Stars, NumberOfRatings) VALUES (909, 9008, null, 227235);
INSERT INTO Ratings (MovieId, ReviewerId, Stars, NumberOfRatings) VALUES (910, 9009, 3.00, 195961);
INSERT INTO Ratings (MovieId, ReviewerId, Stars, NumberOfRatings) VALUES (911, 9010, 8.10, 203875);
INSERT INTO Ratings (MovieId, ReviewerId, Stars, NumberOfRatings) VALUES (912, 9011, 8.40, null);
INSERT INTO Ratings (MovieId, ReviewerId, Stars, NumberOfRatings) VALUES (914, 9013, 7.00, 862618);
INSERT INTO Ratings (MovieId, ReviewerId, Stars, NumberOfRatings) VALUES (915, 9001, 7.70, 830095);
INSERT INTO Ratings (MovieId, ReviewerId, Stars, NumberOfRatings) VALUES (916, 9014, 4.00, 642132);
INSERT INTO Ratings (MovieId, ReviewerId, Stars, NumberOfRatings) VALUES (918, 9016, null, 580301);
INSERT INTO Ratings (MovieId, ReviewerId, Stars, NumberOfRatings) VALUES (920, 9017, 8.10, 609451);
INSERT INTO Ratings (MovieId, ReviewerId, Stars, NumberOfRatings) VALUES (921, 9018, 8.00, 667758);
INSERT INTO Ratings (MovieId, ReviewerId, Stars, NumberOfRatings) VALUES (922, 9019, 8.40, 511613);
INSERT INTO Ratings (MovieId, ReviewerId, Stars, NumberOfRatings) VALUES (923, 9020, 6.70, 13091);
INSERT INTO Ratings (MovieId, ReviewerId, Stars, NumberOfRatings) VALUES (924, 9006, 7.30, null);
INSERT INTO Ratings (MovieId, ReviewerId, Stars, NumberOfRatings) VALUES (925, 9015, 7.70, 81328);

INSERT INTO Directors (DirectorId, FirstName, LastName) VALUES (201, N'Alfred', N'Hitchcock');
INSERT INTO Directors (DirectorId, FirstName, LastName) VALUES (202, N'Jack', N'Clayton');
INSERT INTO Directors (DirectorId, FirstName, LastName) VALUES (203, N'David', N'Lean');
INSERT INTO Directors (DirectorId, FirstName, LastName) VALUES (204, N'Michael', N'Cimino');
INSERT INTO Directors (DirectorId, FirstName, LastName) VALUES (205, N'Milos', N'Forman');
INSERT INTO Directors (DirectorId, FirstName, LastName) VALUES (206, N'Ridley', N'Scott');
INSERT INTO Directors (DirectorId, FirstName, LastName) VALUES (207, N'Stanley', N'Kubrick');
INSERT INTO Directors (DirectorId, FirstName, LastName) VALUES (208, N'Bryan', N'Singer');
INSERT INTO Directors (DirectorId, FirstName, LastName) VALUES (209, N'Roman', N'Polanski');
INSERT INTO Directors (DirectorId, FirstName, LastName) VALUES (210, N'Paul', N'Thomas Anderson');
INSERT INTO Directors (DirectorId, FirstName, LastName) VALUES (211, N'Woody', N'Allen');
INSERT INTO Directors (DirectorId, FirstName, LastName) VALUES (212, N'Hayao', N'Miyazaki');
INSERT INTO Directors (DirectorId, FirstName, LastName) VALUES (213, N'Frank', N'Darabont');
INSERT INTO Directors (DirectorId, FirstName, LastName) VALUES (214, N'Sam', N'Mendes');
INSERT INTO Directors (DirectorId, FirstName, LastName) VALUES (215, N'James', N'Cameron');
INSERT INTO Directors (DirectorId, FirstName, LastName) VALUES (216, N'Gus', N'Van Sant');
INSERT INTO Directors (DirectorId, FirstName, LastName) VALUES (217, N'John', N'Boorman');
INSERT INTO Directors (DirectorId, FirstName, LastName) VALUES (218, N'Danny', N'Boyle');
INSERT INTO Directors (DirectorId, FirstName, LastName) VALUES (219, N'Christopher', N'Nolan');
INSERT INTO Directors (DirectorId, FirstName, LastName) VALUES (220, N'Richard', N'Kelly');
INSERT INTO Directors (DirectorId, FirstName, LastName) VALUES (221, N'Kevin', N'Spacey');
INSERT INTO Directors (DirectorId, FirstName, LastName) VALUES (222, N'Andrei', N'Tarkovsky');
INSERT INTO Directors (DirectorId, FirstName, LastName) VALUES (223, N'Peter', N'Jackson');


INSERT INTO DirectorMovie (DirectorsDirectorId, MoviesMovieId) VALUES (201, 901);
INSERT INTO DirectorMovie (DirectorsDirectorId, MoviesMovieId) VALUES (202, 902);
INSERT INTO DirectorMovie (DirectorsDirectorId, MoviesMovieId) VALUES (203, 903);
INSERT INTO DirectorMovie (DirectorsDirectorId, MoviesMovieId) VALUES (204, 904);
INSERT INTO DirectorMovie (DirectorsDirectorId, MoviesMovieId) VALUES (205, 905);
INSERT INTO DirectorMovie (DirectorsDirectorId, MoviesMovieId) VALUES (206, 906);
INSERT INTO DirectorMovie (DirectorsDirectorId, MoviesMovieId) VALUES (207, 907);
INSERT INTO DirectorMovie (DirectorsDirectorId, MoviesMovieId) VALUES (208, 908);
INSERT INTO DirectorMovie (DirectorsDirectorId, MoviesMovieId) VALUES (209, 909);
INSERT INTO DirectorMovie (DirectorsDirectorId, MoviesMovieId) VALUES (210, 910);
INSERT INTO DirectorMovie (DirectorsDirectorId, MoviesMovieId) VALUES (211, 911);
INSERT INTO DirectorMovie (DirectorsDirectorId, MoviesMovieId) VALUES (212, 912);
INSERT INTO DirectorMovie (DirectorsDirectorId, MoviesMovieId) VALUES (213, 913);
INSERT INTO DirectorMovie (DirectorsDirectorId, MoviesMovieId) VALUES (214, 914);
INSERT INTO DirectorMovie (DirectorsDirectorId, MoviesMovieId) VALUES (215, 915);
INSERT INTO DirectorMovie (DirectorsDirectorId, MoviesMovieId) VALUES (216, 916);
INSERT INTO DirectorMovie (DirectorsDirectorId, MoviesMovieId) VALUES (217, 917);
INSERT INTO DirectorMovie (DirectorsDirectorId, MoviesMovieId) VALUES (218, 918);
INSERT INTO DirectorMovie (DirectorsDirectorId, MoviesMovieId) VALUES (219, 919);
INSERT INTO DirectorMovie (DirectorsDirectorId, MoviesMovieId) VALUES (220, 920);
INSERT INTO DirectorMovie (DirectorsDirectorId, MoviesMovieId) VALUES (218, 921);
INSERT INTO DirectorMovie (DirectorsDirectorId, MoviesMovieId) VALUES (215, 922);
INSERT INTO DirectorMovie (DirectorsDirectorId, MoviesMovieId) VALUES (221, 923);
